{
  "shared": {
    "d_model": 128,
    "d_ff": 256,
    "n_layer": 3,
    "n_head": 4,
    "block_size": 128,
    "batch_size": 32,
    "dropout": 0.1,
    "steps": 1500,
    "lr": 0.003,
    "min_lr": 0.00030000000000000003,
    "warmup": 100,
    "patience": 6,
    "eval_interval": 150,
    "eval_iters": 40,
    "byte_level": false,
    "max_mb": 0.0
  },
  "results": {
    "softmax_attn": {
      "bpcs": [
        2.5054999476740956,
        2.5410756809401107,
        2.5269916010834046
      ],
      "mean": 2.5245224098992036,
      "std": 0.01791593922131257,
      "params": 422400
    },
    "forget_attn": {
      "bpcs": [
        2.3375052534241867,
        2.341104215688789,
        2.3284676997851443
      ],
      "mean": 2.335692389632707,
      "std": 0.00651039475689541,
      "params": 423948
    }
  }
}