{
  "shared": {
    "d_model": 128,
    "d_ff": 256,
    "n_layer": 3,
    "n_head": 4,
    "block_size": 128,
    "dropout": 0.1,
    "steps": 1500,
    "batch_size": 32,
    "lr": 0.003,
    "min_lr": 0.0003,
    "warmup": 100,
    "patience": 8,
    "eval_interval": 100,
    "eval_iters": 50,
    "num_iters": 1
  },
  "dataset": "tinyshakespeare",
  "rows": [
    {
      "ffn": "sm",
      "seed": 0,
      "train_frac": 1.0,
      "params": 422400,
      "best_val": 1.7391008138656616,
      "best_step": 1400,
      "final_val": 1.7474757432937622,
      "best_bpc": 2.5089921197699505,
      "best_ppl": 5.6922227530263525,
      "stopped_early": false,
      "last_step": 1500,
      "elapsed_s": 22.232306241989136,
      "out": "checkpoints/cmp_sm_f1.0_s0.pt",
      "device": "mps",
      "lambdas": [],
      "bpc_exact": 2.5182874386761465,
      "ppl_exact": 5.729016284885858,
      "val_exact": 1.745543837957897
    },
    {
      "ffn": "sm",
      "seed": 1,
      "train_frac": 1.0,
      "params": 422400,
      "best_val": 1.7739500999450684,
      "best_step": 1400,
      "final_val": 1.7781492471694946,
      "best_bpc": 2.559269011975231,
      "best_ppl": 5.894089681602938,
      "stopped_early": false,
      "last_step": 1500,
      "elapsed_s": 21.72504186630249,
      "out": "checkpoints/cmp_sm_f1.0_s1.pt",
      "device": "mps",
      "lambdas": [],
      "bpc_exact": 2.5547424594073846,
      "ppl_exact": 5.875625560795124,
      "val_exact": 1.7708125327950093
    },
    {
      "ffn": "sm",
      "seed": 2,
      "train_frac": 1.0,
      "params": 422400,
      "best_val": 1.732010006904602,
      "best_step": 1300,
      "final_val": 1.731622576713562,
      "best_bpc": 2.498762247731329,
      "best_ppl": 5.652003063850109,
      "stopped_early": false,
      "last_step": 1500,
      "elapsed_s": 21.72943115234375,
      "out": "checkpoints/cmp_sm_f1.0_s2.pt",
      "device": "mps",
      "lambdas": [],
      "bpc_exact": 2.5099130153868825,
      "ppl_exact": 5.695857350914222,
      "val_exact": 1.7397391300661282
    },
    {
      "ffn": "ibnn",
      "seed": 0,
      "train_frac": 1.0,
      "params": 422403,
      "best_val": 1.7560625076293945,
      "best_step": 1500,
      "final_val": 1.7560625076293945,
      "best_bpc": 2.533462671247965,
      "best_ppl": 5.789595964995345,
      "stopped_early": false,
      "last_step": 1500,
      "elapsed_s": 601.5896968841553,
      "out": "checkpoints/cmp_ibnn_f1.0_s0.pt",
      "device": "mps",
      "lambdas": [
        0.1442,
        -0.3762,
        -1.0965
      ],
      "bpc_exact": 2.536469695687167,
      "ppl_exact": 5.801675865483392,
      "val_exact": 1.7581468181413022
    },
    {
      "ffn": "ibnn",
      "seed": 1,
      "train_frac": 1.0,
      "params": 422403,
      "best_val": 1.7481238842010498,
      "best_step": 1400,
      "final_val": 1.7485095262527466,
      "best_bpc": 2.5220096585964074,
      "best_ppl": 5.743816496233511,
      "stopped_early": false,
      "last_step": 1500,
      "elapsed_s": 623.3676040172577,
      "out": "checkpoints/cmp_ibnn_f1.0_s1.pt",
      "device": "mps",
      "lambdas": [
        0.1614,
        0.0193,
        -0.9413
      ],
      "bpc_exact": 2.524216222070938,
      "ppl_exact": 5.752608231571862,
      "val_exact": 1.7496533574521473
    },
    {
      "ffn": "ibnn",
      "seed": 2,
      "train_frac": 1.0,
      "params": 422403,
      "best_val": 1.7446554899215698,
      "best_step": 1500,
      "final_val": 1.7446554899215698,
      "best_bpc": 2.5170058233695536,
      "best_ppl": 5.723929184411498,
      "stopped_early": false,
      "last_step": 1500,
      "elapsed_s": 583.8365120887756,
      "out": "checkpoints/cmp_ibnn_f1.0_s2.pt",
      "device": "mps",
      "lambdas": [
        0.1583,
        0.0397,
        -1.0833
      ],
      "bpc_exact": 2.5112087070094304,
      "ppl_exact": 5.700975126658121,
      "val_exact": 1.7406372350611725
    },
    {
      "ffn": "sm",
      "seed": 0,
      "train_frac": 0.1,
      "params": 422400,
      "best_val": 2.2472803592681885,
      "best_step": 1300,
      "final_val": 2.2652082443237305,
      "best_bpc": 3.2421402298033835,
      "best_ppl": 9.461967659499724,
      "stopped_early": false,
      "last_step": 1500,
      "elapsed_s": 22.06146001815796,
      "out": "checkpoints/cmp_sm_f0.1_s0.pt",
      "device": "mps",
      "lambdas": [],
      "bpc_exact": 3.2488166764763027,
      "ppl_exact": 9.505856852732098,
      "val_exact": 2.251908119455681
    },
    {
      "ffn": "sm",
      "seed": 1,
      "train_frac": 0.1,
      "params": 422400,
      "best_val": 2.2432992458343506,
      "best_step": 1500,
      "final_val": 2.2432992458343506,
      "best_bpc": 3.236396697195169,
      "best_ppl": 9.42437337614666,
      "stopped_early": false,
      "last_step": 1500,
      "elapsed_s": 21.952641010284424,
      "out": "checkpoints/cmp_sm_f0.1_s1.pt",
      "device": "mps",
      "lambdas": [],
      "bpc_exact": 3.2520275037135,
      "ppl_exact": 9.527036417767992,
      "val_exact": 2.2541336953024094
    },
    {
      "ffn": "sm",
      "seed": 2,
      "train_frac": 0.1,
      "params": 422400,
      "best_val": 2.2266030311584473,
      "best_step": 1100,
      "final_val": 2.248025894165039,
      "best_bpc": 3.212309151080626,
      "best_ppl": 9.268328320899808,
      "stopped_early": false,
      "last_step": 1500,
      "elapsed_s": 22.287597179412842,
      "out": "checkpoints/cmp_sm_f0.1_s2.pt",
      "device": "mps",
      "lambdas": [],
      "bpc_exact": 3.2127860591689226,
      "ppl_exact": 9.271392635445757,
      "val_exact": 2.2269335986552363
    },
    {
      "ffn": "ibnn",
      "seed": 0,
      "train_frac": 0.1,
      "params": 422403,
      "best_val": 2.2003793716430664,
      "best_step": 1200,
      "final_val": 2.220395565032959,
      "best_bpc": 3.174476407543825,
      "best_ppl": 9.028437983169036,
      "stopped_early": false,
      "last_step": 1500,
      "elapsed_s": 705.7508947849274,
      "out": "checkpoints/cmp_ibnn_f0.1_s0.pt",
      "device": "mps",
      "lambdas": [
        0.1125,
        -0.0742,
        -1.1451
      ],
      "bpc_exact": 3.2039316419763595,
      "ppl_exact": 9.214664517637758,
      "val_exact": 2.2207961843427095
    },
    {
      "ffn": "ibnn",
      "seed": 1,
      "train_frac": 0.1,
      "params": 422403,
      "best_val": 2.2580413818359375,
      "best_step": 1400,
      "final_val": 2.258746385574341,
      "best_bpc": 3.257665103696769,
      "best_ppl": 9.564337923511776,
      "stopped_early": false,
      "last_step": 1500,
      "elapsed_s": 617.1241319179535,
      "out": "checkpoints/cmp_ibnn_f0.1_s1.pt",
      "device": "mps",
      "lambdas": [
        0.0929,
        0.0028,
        -1.112
      ],
      "bpc_exact": 3.2713268146981984,
      "ppl_exact": 9.655338340471234,
      "val_exact": 2.2675109582982027
    },
    {
      "ffn": "ibnn",
      "seed": 2,
      "train_frac": 0.1,
      "params": 422403,
      "best_val": 2.2423300743103027,
      "best_step": 1300,
      "final_val": 2.262856960296631,
      "best_bpc": 3.2349984782436545,
      "best_ppl": 9.415243966535018,
      "stopped_early": false,
      "last_step": 1500,
      "elapsed_s": 635.1509871482849,
      "out": "checkpoints/cmp_ibnn_f0.1_s2.pt",
      "device": "mps",
      "lambdas": [
        0.1026,
        0.0761,
        -1.0336
      ],
      "bpc_exact": 3.241790123279606,
      "ppl_exact": 9.459671751779037,
      "val_exact": 2.2470376839183364
    }
  ]
}