{
  "shared": {
    "d_model": 128,
    "n_layer": 3,
    "n_head": 4,
    "block_size": 128,
    "batch_size": 32,
    "dropout": 0.1,
    "steps": 1500,
    "lr": 0.003,
    "min_lr": 0.00030000000000000003,
    "warmup": 100,
    "patience": 6,
    "eval_interval": 150,
    "eval_iters": 40
  },
  "results": {
    "sm": {
      "bpcs": [
        2.505497420259709,
        2.541075718851326,
        2.5269912093341746
      ],
      "mean": 2.5245214494817367,
      "std": 0.017917271498894743,
      "params": 422400
    },
    "sm_wide": {
      "bpcs": [
        2.5182056894577998,
        2.447303805096483,
        2.439353393481848
      ],
      "mean": 2.468287629345377,
      "std": 0.04341269175311665,
      "params": 619776
    },
    "ibnn_meanfield": {
      "bpcs": [
        2.557394639605559,
        2.543501632276508,
        2.528958333862763
      ],
      "mean": 2.54328486858161,
      "std": 0.014219392073819961,
      "params": 422403
    },
    "ibnn_learned": {
      "bpcs": [
        2.5379453139399226,
        2.5606115958226443,
        2.548498520075611
      ],
      "mean": 2.549018476612726,
      "std": 0.01134208312864598,
      "params": 619011
    }
  }
}